Unnamed: 0,topicName,topicLink
236.0,Health,/r/Health/
240.0,HealthyFood,/r/HealthyFood/
100.0,Coronavirus,/r/Coronavirus/
188.0,ADHD,/r/ADHD/
33.0,nursing,/r/nursing/
3.0,COVID19,/r/COVID19/
144.0,medicine,/r/medicine/
244.0,adhdwomen,/r/adhdwomen/
89.0,2healthbars,/r/2healthbars/
108.0,thanksimcured,/r/thanksimcured/
85.0,PlasticSurgery,/r/PlasticSurgery/
68.0,pharmacy,/r/pharmacy/
175.0,StudentNurse,/r/StudentNurse/
185.0,Anxietyhelp,/r/Anxietyhelp/
28.0,psychologystudents,/r/psychologystudents/
45.0,TalesFromThePharmacy,/r/TalesFromThePharmacy/
103.0,AcademicPsychology,/r/AcademicPsychology/
25.0,mentalillness,/r/mentalillness/
36.0,Neuropsychology,/r/Neuropsychology/
96.0,Healthy_Recipes,/r/Healthy_Recipes/
225.0,publichealth,/r/publichealth/
243.0,Healthygamergg,/r/Healthygamergg/
35.0,HealthAnxiety,/r/HealthAnxiety/
109.0,TalkTherapy,/r/TalkTherapy/
196.0,CoronavirusUS,/r/CoronavirusUS/
202.0,depressionmeals,/r/depressionmeals/
231.0,physicaltherapy,/r/physicaltherapy/
243.0,HealthInsurance,/r/HealthInsurance/
12.0,FamilyMedicine,/r/FamilyMedicine/
38.0,redlighttherapy,/r/redlighttherapy/
78.0,ClinicalPsychology,/r/ClinicalPsychology/
200.0,PharmacyTechnician,/r/PharmacyTechnician/
94.0,doctorsUK,/r/doctorsUK/
7.0,TwoXADHD,/r/TwoXADHD/
31.0,nursepractitioner,/r/nursepractitioner/
191.0,EmergencyRoom,/r/EmergencyRoom/
48.0,malementalhealth,/r/malementalhealth/
184.0,DoctorMike,/r/DoctorMike/
211.0,VyvanseADHD,/r/VyvanseADHD/
171.0,clinicalresearch,/r/clinicalresearch/
206.0,OccupationalTherapy,/r/OccupationalTherapy/
18.0,Asthma,/r/Asthma/
39.0,Nurses,/r/Nurses/
60.0,healthIT,/r/healthIT/
173.0,HealthyEatingnow,/r/HealthyEatingnow/
246.0,ADHDUK,/r/ADHDUK/
67.0,hospitalfood,/r/hospitalfood/
108.0,NursingStudents,/r/NursingStudents/
114.0,GutHealth,/r/GutHealth/
12.0,BariatricSurgery,/r/BariatricSurgery/
79.0,prediabetes,/r/prediabetes/
89.0,LongCovid,/r/LongCovid/
162.0,GestationalDiabetes,/r/GestationalDiabetes/
63.0,healthyeating,/r/healthyeating/
135.0,KetamineTherapy,/r/KetamineTherapy/
66.0,AdultADHDSupportGroup,/r/AdultADHDSupportGroup/
207.0,Dietandhealth,/r/Dietandhealth/
226.0,hospitalist,/r/hospitalist/
4.0,MentalHealthUK,/r/MentalHealthUK/
85.0,psychnursing,/r/psychnursing/
149.0,PMDDxADHD,/r/PMDDxADHD/
190.0,AskADoctor,/r/AskADoctor/
56.0,NursingPH,/r/NursingPH/
50.0,BirdHealth,/r/BirdHealth/
80.0,wildernessmedicine,/r/wildernessmedicine/
219.0,Vaccine,/r/Vaccine/
1.0,cardio,/r/cardio/
38.0,RadiationTherapy,/r/RadiationTherapy/
74.0,AskHealth,/r/AskHealth/
129.0,ClinicalPsychologyUK,/r/ClinicalPsychologyUK/
210.0,skincancer,/r/skincancer/
32.0,AddisonsDisease,/r/AddisonsDisease/
50.0,IrishWomensHealth,/r/IrishWomensHealth/
159.0,NurseAllTheBabies,/r/NurseAllTheBabies/
128.0,rarediseases,/r/rarediseases/
167.0,HolisticMentalHealth,/r/HolisticMentalHealth/
175.0,healthinspector,/r/healthinspector/
224.0,BarbellMedicine,/r/BarbellMedicine/
179.0,SaudeMentalPortugal,/r/SaudeMentalPortugal/
233.0,NaturopathicMedicine,/r/NaturopathicMedicine/
35.0,TMSTherapy,/r/TMSTherapy/
73.0,Military_Medicine,/r/Military_Medicine/
111.0,Longcovidgutdysbiosis,/r/Longcovidgutdysbiosis/
20.0,LGBTQMentalHealth,/r/LGBTQMentalHealth/
64.0,HerpesCureAdvocates,/r/HerpesCureAdvocates/
198.0,ADHDFitness,/r/ADHDFitness/
124.0,sportspsychology,/r/sportspsychology/
174.0,Novavax_vaccine_talk,/r/Novavax_vaccine_talk/
182.0,healthcareIT,/r/healthcareIT/
231.0,MedicationQuestions,/r/MedicationQuestions/
175.0,apnurses,/r/apnurses/
144.0,ADHDMoms,/r/ADHDMoms/
111.0,FellaHealth,/r/FellaHealth/
194.0,VeterinaryMedicine,/r/VeterinaryMedicine/
231.0,Occupational_Therapy,/r/Occupational_Therapy/
134.0,HealthEconomics,/r/HealthEconomics/
231.0,HeadandNeckCancer,/r/HeadandNeckCancer/
81.0,BladderCancer,/r/BladderCancer/
205.0,orderingwithanxiety,/r/orderingwithanxiety/
42.0,JuniorDoctorsIreland,/r/JuniorDoctorsIreland/
49.0,HealthQuestions,/r/HealthQuestions/
92.0,TheConfidentNurse,/r/TheConfidentNurse/
30.0,CervicalCancer,/r/CervicalCancer/
155.0,TherapistsInTherapy,/r/TherapistsInTherapy/
40.0,ADHDPH,/r/ADHDPH/
70.0,CFSplusADHD,/r/CFSplusADHD/
164.0,therapydogs,/r/therapydogs/
36.0,plantmedicines,/r/plantmedicines/
205.0,ADHDIreland,/r/ADHDIreland/
17.0,ConsultantDoctorsUK,/r/ConsultantDoctorsUK/
79.0,TraumaTherapy,/r/TraumaTherapy/
144.0,generalizedanxiety,/r/generalizedanxiety/
156.0,Pharmacy_UK,/r/Pharmacy_UK/
217.0,shealth,/r/shealth/
223.0,SchemaTherapy,/r/SchemaTherapy/
140.0,GeneralSurgery,/r/GeneralSurgery/
208.0,HOSPITAL,/r/HOSPITAL/
7.0,ThePatient,/r/ThePatient/
35.0,UniversalHealthCare,/r/UniversalHealthCare/
170.0,AnimeNurses,/r/AnimeNurses/
134.0,AnimeandMedicine,/r/AnimeandMedicine/
8.0,happyandhealthy,/r/happyandhealthy/
177.0,CheaperThanTherapy,/r/CheaperThanTherapy/
200.0,mental,/r/mental/
210.0,ADHD_BritishColumbia,/r/ADHD_BritishColumbia/
16.0,disease,/r/disease/
55.0,nailhealth,/r/nailhealth/
126.0,Heartpalpitations,/r/Heartpalpitations/
183.0,phdpublichealth,/r/phdpublichealth/
158.0,DupuytrenDisease,/r/DupuytrenDisease/
64.0,IndiaMentalHealth,/r/IndiaMentalHealth/
129.0,CoronavirusCleveland,/r/CoronavirusCleveland/
17.0,CoronavirusAsthma,/r/CoronavirusAsthma/
219.0,AnxietySquad,/r/AnxietySquad/
50.0,PrettyCures,/r/PrettyCures/
37.0,recreationaltherapy,/r/recreationaltherapy/
182.0,GeneralHospitalGH,/r/GeneralHospitalGH/
59.0,ClinicalPharmacy,/r/ClinicalPharmacy/
112.0,ExplantSurgery,/r/ExplantSurgery/
142.0,IVIMHEALTH,/r/IVIMHEALTH/
192.0,PulmonaryHypertension,/r/PulmonaryHypertension/
17.0,AustereMedicine,/r/AustereMedicine/
109.0,Clinic_Of_AI,/r/Clinic_Of_AI/
129.0,Heartbound,/r/Heartbound/
160.0,TeleMedicine,/r/TeleMedicine/
174.0,MayoClinic,/r/MayoClinic/
177.0,nursingjobs,/r/nursingjobs/
193.0,CrasherCancer,/r/CrasherCancer/
2.0,mentalpod,/r/mentalpod/
44.0,ClinicalTrialGame,/r/ClinicalTrialGame/
221.0,NaturalHealthGuide,/r/NaturalHealthGuide/
102.0,kidneycancer,/r/kidneycancer/
204.0,santementale,/r/santementale/
223.0,StudentNurseUK,/r/StudentNurseUK/
240.0,HowToADHD,/r/HowToADHD/
44.0,NBtopsurgery,/r/NBtopsurgery/
193.0,thenurserynurse,/r/thenurserynurse/
212.0,VascularSurgery,/r/VascularSurgery/
125.0,ClonazepamHealth,/r/ClonazepamHealth/
212.0,HealthPhysics,/r/HealthPhysics/
196.0,PublicHealthInfo,/r/PublicHealthInfo/
106.0,Health2020,/r/Health2020/
152.0,ReynaudsDisease,/r/ReynaudsDisease/
226.0,ausdoctors,/r/ausdoctors/
49.0,ThyroidEyeDisease,/r/ThyroidEyeDisease/
170.0,breast_cancer,/r/breast_cancer/
36.0,Chemotherapy,/r/Chemotherapy/
53.0,midihealth,/r/midihealth/
129.0,PsychotherapyHelp,/r/PsychotherapyHelp/
223.0,ImDoneWithCovid,/r/ImDoneWithCovid/
21.0,Separation_Anxiety,/r/Separation_Anxiety/
116.0,endometrialcancer,/r/endometrialcancer/
129.0,SeekTreatment,/r/SeekTreatment/
183.0,MaleSexualHealth,/r/MaleSexualHealth/
188.0,healthyishmama,/r/healthyishmama/
23.0,Cardiomyopathy,/r/Cardiomyopathy/
77.0,CoronavirusDallas,/r/CoronavirusDallas/
114.0,nursinghome,/r/nursinghome/
136.0,BlackWomenADHD,/r/BlackWomenADHD/
33.0,medicineposting,/r/medicineposting/
111.0,OccupationalTherapyPH,/r/OccupationalTherapyPH/
122.0,biotechnologynews,/r/biotechnologynews/
27.0,CoronavirusOR,/r/CoronavirusOR/
40.0,Top_Surgery_Peri,/r/Top_Surgery_Peri/
74.0,OregonNurses,/r/OregonNurses/
155.0,TheVaccines,/r/TheVaccines/
244.0,CoronavirusSurvivors,/r/CoronavirusSurvivors/
140.0,CovidSantaClaraCo,/r/CovidSantaClaraCo/
12.0,talesfromhealthcare,/r/talesfromhealthcare/
157.0,PharmacyCanada,/r/PharmacyCanada/
177.0,on_therapy,/r/on_therapy/
191.0,ChronicIllnessTips,/r/ChronicIllnessTips/
79.0,CoronavirusCT,/r/CoronavirusCT/
92.0,RemoteNurseJobBoard,/r/RemoteNurseJobBoard/
123.0,coronavirusDC,/r/coronavirusDC/
154.0,KratomHealthUSA,/r/KratomHealthUSA/
12.0,pomhealth,/r/pomhealth/
61.0,aestheticnursing,/r/aestheticnursing/
189.0,WomensPelvicHealth,/r/WomensPelvicHealth/
15.0,BreastCancerSurvivors,/r/BreastCancerSurvivors/
95.0,Methadonedosingnurse,/r/Methadonedosingnurse/
153.0,openheartsurgery,/r/openheartsurgery/
150.0,HeartHealth,/r/HeartHealth/
64.0,doctor4t,/r/doctor4t/
136.0,HealthInfoMgmt,/r/HealthInfoMgmt/
141.0,OTFHealthyDietForLife,/r/OTFHealthyDietForLife/
30.0,FemboyHealth,/r/FemboyHealth/
70.0,healthyINFJs,/r/healthyINFJs/
103.0,pediatriccancer,/r/pediatriccancer/
144.0,WomenHealthCare,/r/WomenHealthCare/
181.0,Vitalityhealth,/r/Vitalityhealth/
61.0,BettaClinic,/r/BettaClinic/
114.0,Keto4Cancer,/r/Keto4Cancer/
125.0,unitedhealthgroup,/r/unitedhealthgroup/
78.0,CovidSmell,/r/CovidSmell/
159.0,WellbeingHypnotherapy,/r/WellbeingHypnotherapy/
49.0,CoronavirusNY,/r/CoronavirusNY/
52.0,TVMedicine,/r/TVMedicine/
111.0,healingheartsminds,/r/healingheartsminds/
191.0,AussieMentalHealth,/r/AussieMentalHealth/
233.0,healthywomanlife,/r/healthywomanlife/
164.0,BCHealthAuthorities,/r/BCHealthAuthorities/
83.0,Generalhospitalabc,/r/Generalhospitalabc/
163.0,melbournementalhealth,/r/melbournementalhealth/
73.0,redlighttherapyhair,/r/redlighttherapyhair/
146.0,depressionselfhelp,/r/depressionselfhelp/
135.0,MyofunctionalTherapy,/r/MyofunctionalTherapy/
216.0,EditasMedicine,/r/EditasMedicine/
182.0,Healthcare_Anon,/r/Healthcare_Anon/
228.0,healthylongevity,/r/healthylongevity/
4.0,clinicalinformatics,/r/clinicalinformatics/
138.0,PhPharmacy,/r/PhPharmacy/
237.0,healthythinspo,/r/healthythinspo/
20.0,saudipsychology,/r/saudipsychology/
42.0,Keto4Diabetes,/r/Keto4Diabetes/
53.0,TravelNurseCanada,/r/TravelNurseCanada/
95.0,CoronavirusVancouver,/r/CoronavirusVancouver/
152.0,freetherapy,/r/freetherapy/
57.0,DrQuinnMedicineWoman,/r/DrQuinnMedicineWoman/
182.0,Healthy_Trucking,/r/Healthy_Trucking/
132.0,LungCancerSupport,/r/LungCancerSupport/
204.0,AddictionMedicine,/r/AddictionMedicine/
216.0,ISurvivedCancer,/r/ISurvivedCancer/
24.0,EmergencyNursing,/r/EmergencyNursing/
248.0,kneesurgeryrecovery,/r/kneesurgeryrecovery/
61.0,ovariancancer_new,/r/ovariancancer_new/
181.0,SuboxoneTreatment,/r/SuboxoneTreatment/
14.0,nutallergy,/r/nutallergy/
37.0,medicine_ireland,/r/medicine_ireland/
157.0,AsthmaMemes,/r/AsthmaMemes/
110.0,covid19_Seattle,/r/covid19_Seattle/
200.0,Pharmacometrics,/r/Pharmacometrics/
244.0,TJHeart,/r/TJHeart/
180.0,heartfulness,/r/heartfulness/
22.0,healthyhomies,/r/healthyhomies/
86.0,HappyClinic,/r/HappyClinic/
104.0,plantmedicinepeople,/r/plantmedicinepeople/
156.0,Health_Economics,/r/Health_Economics/
173.0,nurseanesthesia,/r/nurseanesthesia/
114.0,HealthyPours,/r/HealthyPours/
202.0,MECFSPatients,/r/MECFSPatients/
57.0,healthcareworker,/r/healthcareworker/
105.0,2healthbamas,/r/2healthbamas/
63.0,Pharmatising,/r/Pharmatising/
149.0,medicinelibrary,/r/medicinelibrary/
14.0,Cureus,/r/Cureus/
54.0,MohsSurgery,/r/MohsSurgery/
30.0,HealthCareHumor,/r/HealthCareHumor/
141.0,CatholicMentalHealth,/r/CatholicMentalHealth/
154.0,KawasakiDisease,/r/KawasakiDisease/
142.0,precisionmedicine,/r/precisionmedicine/
192.0,breastimplantillness,/r/breastimplantillness/
52.0,Covidhealthcare,/r/Covidhealthcare/
151.0,BestRedLightTherapy,/r/BestRedLightTherapy/
203.0,CancerTeens,/r/CancerTeens/
186.0,PelvicHealthAllies,/r/PelvicHealthAllies/
102.0,bipolarstories,/r/bipolarstories/
137.0,CoronavirusCUNY,/r/CoronavirusCUNY/
115.0,PDSB_Biotech,/r/PDSB_Biotech/
101.0,KetoDoctors,/r/KetoDoctors/
249.0,TravelAlliedHealth,/r/TravelAlliedHealth/
77.0,centimillimental,/r/centimillimental/
82.0,tcmfoodtherapy,/r/tcmfoodtherapy/
80.0,Neworleanscovid19,/r/Neworleanscovid19/
10.0,AnimalAssistedTherapy,/r/AnimalAssistedTherapy/
56.0,Coronavirus_Quebec,/r/Coronavirus_Quebec/
68.0,diabetes_insipidus,/r/diabetes_insipidus/
84.0,EvidenceBasedMedicine,/r/EvidenceBasedMedicine/
204.0,NursePractitionerSub,/r/NursePractitionerSub/
79.0,ubcnursing,/r/ubcnursing/
117.0,ADHD_hacks,/r/ADHD_hacks/
176.0,crohnsdiseases,/r/crohnsdiseases/
241.0,baddoctornostetho,/r/baddoctornostetho/
46.0,depression_irl,/r/depression_irl/
0.0,snosk_hospital,/r/snosk_hospital/
216.0,healthyBEDrecovery,/r/healthyBEDrecovery/
220.0,ArtPsychology,/r/ArtPsychology/
94.0,IndianDepressionMemes,/r/IndianDepressionMemes/
183.0,Respectdoctors,/r/Respectdoctors/
241.0,therapytips,/r/therapytips/
148.0,ADHDDads,/r/ADHDDads/
39.0,HealthCareDebate,/r/HealthCareDebate/
100.0,MovingOnFromAnxiety,/r/MovingOnFromAnxiety/
95.0,easywaystogetcancer,/r/easywaystogetcancer/
17.0,psychedelichealth,/r/psychedelichealth/
39.0,HealthcareMemes,/r/HealthcareMemes/
69.0,krogerpharmacy,/r/krogerpharmacy/
106.0,Depressionclean,/r/Depressionclean/
233.0,mentalhealthBulgaria,/r/mentalhealthBulgaria/
29.0,Pharmacy_Students,/r/Pharmacy_Students/
7.0,DoctorsUAE,/r/DoctorsUAE/
63.0,hotmoneybiotech,/r/hotmoneybiotech/
145.0,NurseJobsUSA,/r/NurseJobsUSA/
170.0,PostCovidVaxSyndrome,/r/PostCovidVaxSyndrome/
49.0,ADHD_Recommendations,/r/ADHD_Recommendations/
71.0,RefractiveSurgery,/r/RefractiveSurgery/
123.0,THERAPYlite,/r/THERAPYlite/
181.0,AnxietyEncyclopedia,/r/AnxietyEncyclopedia/
45.0,Schizophrenia_Life,/r/Schizophrenia_Life/
151.0,ADHD_Events,/r/ADHD_Events/
24.0,GayTravelNurses,/r/GayTravelNurses/
121.0,onlinetherapy,/r/onlinetherapy/
192.0,SynthClinic,/r/SynthClinic/
202.0,canadiancoronavirus,/r/canadiancoronavirus/
228.0,Covid19VaccineALS,/r/Covid19VaccineALS/
1.0,Modydiabetes,/r/Modydiabetes/
54.0,PsychedelicClinic,/r/PsychedelicClinic/
66.0,historyofvaccines,/r/historyofvaccines/
191.0,PostpartumOCD,/r/PostpartumOCD/
24.0,TMU_nursing,/r/TMU_nursing/
105.0,batteryhealth,/r/batteryhealth/
128.0,cancercures,/r/cancercures/
143.0,ChristianOCD,/r/ChristianOCD/
232.0,HumberNursing,/r/HumberNursing/
76.0,Pharmather,/r/Pharmather/
223.0,adhdnederland,/r/adhdnederland/
247.0,BeeVenomTherapyLyme,/r/BeeVenomTherapyLyme/
41.0,coronavirusabq,/r/coronavirusabq/
193.0,MichiganVaccineFinder,/r/MichiganVaccineFinder/
195.0,mindcure,/r/mindcure/
212.0,newbottomsurgery,/r/newbottomsurgery/
78.0,TransNurses,/r/TransNurses/
116.0,adhdgamedevs,/r/adhdgamedevs/
154.0,BetrHealth,/r/BetrHealth/
198.0,CoronavirusHobbies,/r/CoronavirusHobbies/
156.0,PublicHealthStudies,/r/PublicHealthStudies/
165.0,RedLightTherapy4Women,/r/RedLightTherapy4Women/
201.0,socialanxietybookclub,/r/socialanxietybookclub/
231.0,Tamil_MentalHealth,/r/Tamil_MentalHealth/
81.0,BMCCNursing,/r/BMCCNursing/
170.0,GBMPatients,/r/GBMPatients/
61.0,EgyClinic,/r/EgyClinic/
130.0,applesauceadhdsnark,/r/applesauceadhdsnark/
31.0,YoungAdultsWithCancer,/r/YoungAdultsWithCancer/
153.0,traditionalmedicines,/r/traditionalmedicines/
208.0,Naturopathicdocdebt,/r/Naturopathicdocdebt/
156.0,Psychologyprofessors,/r/Psychologyprofessors/
225.0,thornehealth,/r/thornehealth/
5.0,wildlifehospital,/r/wildlifehospital/
46.0,ausnewgradnurses,/r/ausnewgradnurses/
173.0,HealthcareTriforce,/r/HealthcareTriforce/
2.0,metacancerjerk,/r/metacancerjerk/
15.0,MyMentalHelldotcom,/r/MyMentalHelldotcom/
32.0,OCDSupport,/r/OCDSupport/
144.0,usaskBSNnursing,/r/usaskBSNnursing/
203.0,Anxiety_Memes,/r/Anxiety_Memes/
213.0,AutoimmuneDiseaseAS,/r/AutoimmuneDiseaseAS/
108.0,HealthcareStocks,/r/HealthcareStocks/
127.0,iraqdepression,/r/iraqdepression/
225.0,PharmacyFellowships,/r/PharmacyFellowships/
20.0,SkinCancerSupport,/r/SkinCancerSupport/
59.0,thePharmacy,/r/thePharmacy/
182.0,DisorderPsychology,/r/DisorderPsychology/
191.0,EgyptPharmacists,/r/EgyptPharmacists/
193.0,ENAandcancer,/r/ENAandcancer/
53.0,mildheartattack,/r/mildheartattack/
160.0,HeartBeatStories,/r/HeartBeatStories/
133.0,ubccovidtracker,/r/ubccovidtracker/
83.0,mentalhealthgaming,/r/mentalhealthgaming/
210.0,SpiritualEmergency,/r/SpiritualEmergency/
174.0,fightforpatientrights,/r/fightforpatientrights/
207.0,HelloClearHealth,/r/HelloClearHealth/
32.0,bodypsychotherapy,/r/bodypsychotherapy/
66.0,CoronavirusCensorship,/r/CoronavirusCensorship/
140.0,gallbladdercancer,/r/gallbladdercancer/
165.0,kidmental,/r/kidmental/
205.0,MentalhealthMaritimes,/r/MentalhealthMaritimes/
123.0,HackingCancer,/r/HackingCancer/
157.0,ADHDfinances,/r/ADHDfinances/
195.0,baby_health_corner,/r/baby_health_corner/
242.0,ClinicalCodersUK,/r/ClinicalCodersUK/
95.0,HealthyZapper,/r/HealthyZapper/
195.0,CollegeOCD,/r/CollegeOCD/
50.0,HealthcareStartup_SMB,/r/HealthcareStartup_SMB/
184.0,physiotherapyind,/r/physiotherapyind/
70.0,ADHDinSales,/r/ADHDinSales/
71.0,ADHDreaders,/r/ADHDreaders/
122.0,BipolarTreatments,/r/BipolarTreatments/
11.0,HirayamaDisease,/r/HirayamaDisease/
77.0,MentalHealthNepal,/r/MentalHealthNepal/
108.0,NotRealTherapy,/r/NotRealTherapy/
127.0,PharmacyPHlabyou,/r/PharmacyPHlabyou/
211.0,SurgeryGoneWild,/r/SurgeryGoneWild/
249.0,TransgenderOCD,/r/TransgenderOCD/
77.0,antivaccine2,/r/antivaccine2/
50.0,NeroCovid,/r/NeroCovid/
67.0,OCDlovedones,/r/OCDlovedones/
137.0,covidNinja,/r/covidNinja/
140.0,RGBTherapy,/r/RGBTherapy/
199.0,syneoshealth,/r/syneoshealth/
2.0,vulvarcancer,/r/vulvarcancer/
1.0,LDSMentalHealth,/r/LDSMentalHealth/
175.0,StarvingCancer,/r/StarvingCancer/
18.0,ADHDro,/r/ADHDro/
19.0,AIforADHD,/r/AIforADHD/
109.0,easywaytogetcancer,/r/easywaytogetcancer/
171.0,GhostingTherapy,/r/GhostingTherapy/
55.0,NutritionalTherapy,/r/NutritionalTherapy/
44.0,CarpalTunnelTreatment,/r/CarpalTunnelTreatment/
208.0,KetamineTreatment,/r/KetamineTreatment/
54.0,pakmentalhealth,/r/pakmentalhealth/
64.0,pharmaindustryUK,/r/pharmaindustryUK/
126.0,doctormoms,/r/doctormoms/
217.0,HentaiHospital,/r/HentaiHospital/
152.0,CoronavirusUSCOVID19,/r/CoronavirusUSCOVID19/
55.0,LongCovidKids,/r/LongCovidKids/
126.0,NursingNZ,/r/NursingNZ/
196.0,SaudiDoctors,/r/SaudiDoctors/
155.0,Chronicillnessteens,/r/Chronicillnessteens/
76.0,ADHDCanada,/r/ADHDCanada/
53.0,islamicpsychology,/r/islamicpsychology/
20.0,thcmedicineinOz,/r/thcmedicineinOz/
125.0,askbipolar,/r/askbipolar/
139.0,berlinmentalhealth,/r/berlinmentalhealth/
15.0,TheLongCovidSociety,/r/TheLongCovidSociety/
131.0,Bentheplaguedoctor,/r/Bentheplaguedoctor/
216.0,DiagnosisMurder,/r/DiagnosisMurder/
100.0,Keto4CrohnsDisease,/r/Keto4CrohnsDisease/
116.0,TreesTestAnxiety,/r/TreesTestAnxiety/
180.0,ADHDCleaningTips,/r/ADHDCleaningTips/
235.0,BipolarKarma,/r/BipolarKarma/
15.0,CbdHealthBenefits,/r/CbdHealthBenefits/
30.0,CNS_Infections,/r/CNS_Infections/
83.0,EgyptADHDers,/r/EgyptADHDers/
231.0,Travelastherapy,/r/Travelastherapy/
52.0,ADHD_Probs,/r/ADHD_Probs/
128.0,CatFoodsForHealthyCat,/r/CatFoodsForHealthyCat/
196.0,DrunkHomeSurgery,/r/DrunkHomeSurgery/
206.0,emergencytv,/r/emergencytv/
8.0,GeorgiaHealthCare,/r/GeorgiaHealthCare/
115.0,manualtherapy,/r/manualtherapy/
138.0,AmiiboDoctor,/r/AmiiboDoctor/
241.0,CSA_Medicine,/r/CSA_Medicine/
243.0,AskAnOCDTherapist,/r/AskAnOCDTherapist/
179.0,IndiaPlasticSurgery,/r/IndiaPlasticSurgery/
87.0,askCardiology2,/r/askCardiology2/
172.0,PreHealthPride,/r/PreHealthPride/
72.0,wellnesspsychology,/r/wellnesspsychology/
105.0,AdhdPositive,/r/AdhdPositive/
122.0,Anxietywillnotwin,/r/Anxietywillnotwin/
17.0,GCT_OvarianCancer,/r/GCT_OvarianCancer/
32.0,HealthDevHub,/r/HealthDevHub/
33.0,HealthHombres,/r/HealthHombres/
177.0,PharmacyTechs,/r/PharmacyTechs/
9.0,studentsnurseUK,/r/studentsnurseUK/
47.0,IHaveSevereAnxiety,/r/IHaveSevereAnxiety/
106.0,MedicineGodAsclepius,/r/MedicineGodAsclepius/
65.0,UnexpectedCoronavirus,/r/UnexpectedCoronavirus/
118.0,ADD_ADHD,/r/ADD_ADHD/
196.0,COVIDLongTermAnosmia,/r/COVIDLongTermAnosmia/
203.0,CueHealth,/r/CueHealth/
0.0,eighthdoctor,/r/eighthdoctor/
37.0,GEhealthcare,/r/GEhealthcare/
85.0,intreatment,/r/intreatment/
194.0,ontariopsychotherapy,/r/ontariopsychotherapy/
3.0,BoneCancerJuice,/r/BoneCancerJuice/
242.0,lovedoctors,/r/lovedoctors/
64.0,NortonAntiVirus,/r/NortonAntiVirus/
91.0,PlantTherapyOils,/r/PlantTherapyOils/
109.0,psychiatryresearch,/r/psychiatryresearch/
160.0,CovidBingo,/r/CovidBingo/
194.0,DoctorofPublicHealth,/r/DoctorofPublicHealth/
214.0,EmpiricalHealth,/r/EmpiricalHealth/
220.0,Ethnopharmacology,/r/Ethnopharmacology/
221.0,eventual_cancer,/r/eventual_cancer/
245.0,ftmtopsurgery,/r/ftmtopsurgery/
106.0,MapleHospital,/r/MapleHospital/
205.0,PsychiatryDAO,/r/PsychiatryDAO/
242.0,ChronicIllnessNoDiets,/r/ChronicIllnessNoDiets/
157.0,KoreaPlasticSurgery,/r/KoreaPlasticSurgery/
214.0,Neurodevelopmental,/r/Neurodevelopmental/
3.0,PharmacyCareers,/r/PharmacyCareers/
56.0,coronaviruspod,/r/coronaviruspod/
175.0,healthequity,/r/healthequity/
237.0,locumhospitalist,/r/locumhospitalist/
34.0,confidentmentalheads,/r/confidentmentalheads/
249.0,VHAhealthcareprovider,/r/VHAhealthcareprovider/
43.0,adhd_northernIreland,/r/adhd_northernIreland/
66.0,AskDoctorsIndia,/r/AskDoctorsIndia/
17.0,healthDE,/r/healthDE/
249.0,SchizophreniaHouses,/r/SchizophreniaHouses/
162.0,adhdmomsanddads,/r/adhdmomsanddads/
230.0,MensMentalHelp,/r/MensMentalHelp/
231.0,Mental_Health_Forum,/r/Mental_Health_Forum/
53.0,FIPcatsDoctor,/r/FIPcatsDoctor/
129.0,IrishDoctors,/r/IrishDoctors/
173.0,spacepsychology,/r/spacepsychology/
97.0,ADHDbookclub,/r/ADHDbookclub/
200.0,CannabisForDiabetes,/r/CannabisForDiabetes/
248.0,Covid19Skills,/r/Covid19Skills/
19.0,de_diabetes,/r/de_diabetes/
26.0,DentalClinics,/r/DentalClinics/
130.0,grouptherapy,/r/grouptherapy/
125.0,ACCEMEMBERCOVIDHELP,/r/ACCEMEMBERCOVIDHELP/
129.0,ADHDwonderland,/r/ADHDwonderland/
134.0,AfterDBSSurgery,/r/AfterDBSSurgery/
226.0,CardioCoin_Official,/r/CardioCoin_Official/
164.0,HippaTherapy,/r/HippaTherapy/
94.0,NonCredibleMedicine,/r/NonCredibleMedicine/
144.0,ADHDbusinessowners,/r/ADHDbusinessowners/
176.0,AquaCure,/r/AquaCure/
51.0,CringyFakeDepression,/r/CringyFakeDepression/
85.0,DoctorSlumpKdrama,/r/DoctorSlumpKdrama/
46.0,MedicineStudyNepal,/r/MedicineStudyNepal/
138.0,vaccinenews,/r/vaccinenews/
200.0,615HospitalityWorkers,/r/615HospitalityWorkers/
153.0,DiabetesMellitus,/r/DiabetesMellitus/
163.0,DoctorStrangeRips,/r/DoctorStrangeRips/
185.0,Energy_Health,/r/Energy_Health/
155.0,mentalasylum,/r/mentalasylum/
121.0,SOsofDepression,/r/SOsofDepression/
9.0,WalmartHealth,/r/WalmartHealth/
134.0,bellpepperallergy,/r/bellpepperallergy/
0.0,DepressionPartners,/r/DepressionPartners/
121.0,Healthcare_costs,/r/Healthcare_costs/
238.0,MentalHealthSquad,/r/MentalHealthSquad/
194.0,SomaliDoctors,/r/SomaliDoctors/
110.0,ADHDbutreal,/r/ADHDbutreal/
9.0,COVID19_5G,/r/COVID19_5G/
33.0,DarkPsychology,/r/DarkPsychology/
63.0,DrDoctorMan,/r/DrDoctorMan/
219.0,JungleTherapy,/r/JungleTherapy/
102.0,ocd_treatment,/r/ocd_treatment/
64.0,testanxiety,/r/testanxiety/
234.0,AusRedLightTherapy,/r/AusRedLightTherapy/
74.0,LongCOVIDCanada,/r/LongCOVIDCanada/
103.0,mentalmodelscoach,/r/mentalmodelscoach/
248.0,ProstateTreatment,/r/ProstateTreatment/
202.0,warhospital,/r/warhospital/
48.0,AskPatients,/r/AskPatients/
213.0,EnvironmentalAnxiety,/r/EnvironmentalAnxiety/
31.0,GMOhealth,/r/GMOhealth/
67.0,PostCycleTherapy,/r/PostCycleTherapy/
25.0,COVIDLabLeak,/r/COVIDLabLeak/
74.0,DontStress,/r/DontStress/
96.0,ElevatedWellness,/r/ElevatedWellness/
124.0,fordtherapyprogram,/r/fordtherapyprogram/
90.0,MyPsychology,/r/MyPsychology/
121.0,nursewithwound,/r/nursewithwound/
17.0,Non_Medical_ADHD,/r/Non_Medical_ADHD/
126.0,ADHDxBipolar,/r/ADHDxBipolar/
77.0,doctormartens,/r/doctormartens/
42.0,sexycancerpatients,/r/sexycancerpatients/
12.0,ADHDfounders,/r/ADHDfounders/
217.0,DoctorER,/r/DoctorER/
96.0,HospitalBracelet,/r/HospitalBracelet/
106.0,huntingtonsdisease,/r/huntingtonsdisease/
237.0,mentalwellnessmatters,/r/mentalwellnessmatters/
114.0,PostSurgeryTrippin,/r/PostSurgeryTrippin/
221.0,BeatDepression,/r/BeatDepression/
59.0,coronavirusfunnypics,/r/coronavirusfunnypics/
66.0,coVIDA,/r/coVIDA/
72.0,creativetherapy,/r/creativetherapy/
66.0,KetoMentalHealth,/r/KetoMentalHealth/
223.0,thisgivesmeanxiety,/r/thisgivesmeanxiety/
57.0,winnipegphysiotherapy,/r/winnipegphysiotherapy/
223.0,cancerspousesupport,/r/cancerspousesupport/
107.0,flatstomachhealth,/r/flatstomachhealth/
190.0,IHadCancerOfficial,/r/IHadCancerOfficial/
95.0,MusiciansMentalHealth,/r/MusiciansMentalHealth/
166.0,patapsychology,/r/patapsychology/
200.0,WashedRetailTherapy,/r/WashedRetailTherapy/
230.0,ZionHealthShare,/r/ZionHealthShare/
237.0,17thDoctor,/r/17thDoctor/
142.0,ChildfreeADHDWomen,/r/ChildfreeADHDWomen/
145.0,ChronicIllnessSupport,/r/ChronicIllnessSupport/
199.0,deadlydiseases,/r/deadlydiseases/
211.0,DiabetesIndia,/r/DiabetesIndia/
97.0,HealthyCoupleMemes,/r/HealthyCoupleMemes/
162.0,kneesurgery,/r/kneesurgery/
102.0,uthealth,/r/uthealth/
186.0,Absolutediabetes,/r/Absolutediabetes/
20.0,HealthBeautyTips,/r/HealthBeautyTips/
33.0,HowSchizophreniaWorks,/r/HowSchizophreniaWorks/
57.0,PublicHealthInIndia,/r/PublicHealthInIndia/
81.0,wetnursing,/r/wetnursing/
155.0,AnarchoAntipsychiatry,/r/AnarchoAntipsychiatry/
187.0,AtypicalDoctors,/r/AtypicalDoctors/
63.0,Coronavirus_AFRICA,/r/Coronavirus_AFRICA/
70.0,COVIDsafeBoston,/r/COVIDsafeBoston/
219.0,patientviewers,/r/patientviewers/
226.0,PEMFTherapy,/r/PEMFTherapy/
101.0,afterdepression,/r/afterdepression/
152.0,AvatarMentalHealthLab,/r/AvatarMentalHealthLab/
63.0,DIYsurgery,/r/DIYsurgery/
65.0,doctorouija,/r/doctorouija/
200.0,healthyaging,/r/healthyaging/
40.0,ReviewingMochiHealth,/r/ReviewingMochiHealth/
212.0,TruePlasticSurgery,/r/TruePlasticSurgery/
225.0,covid_treatment,/r/covid_treatment/
240.0,cvspharmacy2023,/r/cvspharmacy2023/
164.0,HealthcareDataGeeks,/r/HealthcareDataGeeks/
165.0,HealthLynked,/r/HealthLynked/
166.0,healthyourself,/r/healthyourself/
80.0,Mentalhelp_,/r/Mentalhelp_/
228.0,PRNNursing,/r/PRNNursing/
238.0,QLDpersonalinjury,/r/QLDpersonalinjury/
212.0,cholinedepression,/r/cholinedepression/
242.0,covid19anosmia,/r/covid19anosmia/
243.0,covid_chronic_anosmia,/r/covid_chronic_anosmia/
46.0,dual_diagnosis,/r/dual_diagnosis/
120.0,MetalasMedicine,/r/MetalasMedicine/
147.0,mouthcancer,/r/mouthcancer/
174.0,nerdsagainstcancer,/r/nerdsagainstcancer/
61.0,rednecksurgery,/r/rednecksurgery/
242.0,treenutallergy,/r/treenutallergy/
10.0,Ualberta_COVID19,/r/Ualberta_COVID19/
10.0,ChildhoodIllness,/r/ChildhoodIllness/
83.0,DoctorPhotograph,/r/DoctorPhotograph/
61.0,juvenileDiabetesType1,/r/juvenileDiabetesType1/
201.0,NurseyMia,/r/NurseyMia/
202.0,nursingismyidentity,/r/nursingismyidentity/
31.0,PsychologyofBruxism,/r/PsychologyofBruxism/
91.0,zikavirus,/r/zikavirus/
113.0,ADHDBirdies,/r/ADHDBirdies/
236.0,breathworkforstress,/r/breathworkforstress/
49.0,ComplexMentalHealth,/r/ComplexMentalHealth/
228.0,HealthAnalytics,/r/HealthAnalytics/
229.0,healthygamer,/r/healthygamer/
149.0,MentalHealthBH,/r/MentalHealthBH/
202.0,t1diabetesremission,/r/t1diabetesremission/
127.0,DoctorAntagonist,/r/DoctorAntagonist/
179.0,Toiletanxiety,/r/Toiletan
57.0,ZeroCovidStillMasking,/r/ZeroCovidStillMasking/
175.0,bellehealth,/r/bellehealth/
31.0,Coronavirus_COVID_19,/r/Coronavirus_COVID_19/
82.0,DepressionSession,/r/DepressionSession/
47.0,IndianHealthcareNews,/r/IndianHealthcareNews/
224.0,Misdiagnosis,/r/Misdiagnosis/
228.0,MitoHealth,/r/MitoHealth/
2.0,myhealthydish,/r/myhealthydish/
100.0,pharmaturtles,/r/pharmaturtles/
142.0,ProPsychiatry,/r/ProPsychiatry/
191.0,weeklycancercure,/r/weeklycancercure/
62.0,evolvehealth,/r/evolvehealth/
131.0,MatinasBiopharma,/r/MatinasBiopharma/
230.0,OCDart,/r/OCDart/
17.0,Ped_Asthma_RSV,/r/Ped_Asthma_RSV/
19.0,PelvicHealthTherapist,/r/PelvicHealthTherapist/
74.0,psychiatryruinedme,/r/psychiatryruinedme/
249.0,ADHDBangladesh,/r/ADHDBangladesh/
217.0,COVID19_Arkansas,/r/COVID19_Arkansas/
61.0,ElysiumHealthUsers,/r/ElysiumHealthUsers/
1.0,hospitalparents,/r/hospitalparents/
107.0,LavoisierHealth,/r/LavoisierHealth/
248.0,OCDADHD,/r/OCDADHD/
47.0,Testosteroneclinic,/r/Testosteroneclinic/
117.0,tvtoodepression,/r/tvtoodepression/
118.0,TwentiesWithCancer,/r/TwentiesWithCancer/
57.0,anxietysociety,/r/anxietysociety/
134.0,BeyondCovid,/r/BeyondCovid/
139.0,bipolarinos,/r/bipolarinos/
179.0,Cancersurvivorsupport,/r/Cancersurvivorsupport/
233.0,CovidCuts,/r/CovidCuts/
207.0,HealthcareJobsInUSA,/r/HealthcareJobsInUSA/
75.0,kromawellness,/r/kromawellness/
161.0,mentallyprepare,/r/mentallyprepare/
121.0,radicalmentalteen,/r/radicalmentalteen/
18.0,abusepharma,/r/abusepharma/
23.0,ADHDSUPPORT254,/r/ADHDSUPPORT254/
248.0,CoronaVirusGTA,/r/CoronaVirusGTA/
57.0,deviantarthospital,/r/deviantarthospital/
121.0,PhysicalMedicine,/r/PhysicalMedicine/
248.0,severe_adhd,/r/severe_adhd/
119.0,AmazonHealthcare,/r/AmazonHealthcare/
83.0,COVIDCautiousVegans,/r/COVIDCautiousVegans/
84.0,CovidMacGyver,/r/CovidMacGyver/
150.0,DoINeedTherapy,/r/DoINeedTherapy/
174.0,educational_therapy,/r/educational_therapy/
25.0,tropicalmedicine,/r/tropicalmedicine/
105.0,wellnesswoowoo,/r/wellnesswoowoo/
176.0,ADHDsupplements,/r/ADHDsupplements/
74.0,CancerCachexiaNetwork,/r/CancerCachexiaNetwork/
150.0,CovidDog,/r/CovidDog/
130.0,meterhealth,/r/meterhealth/
90.0,randomactsofmedicine,/r/randomactsofmedicine/
72.0,AskPharmacy,/r/AskPharmacy/
4.0,HealthyChallenges,/r/HealthyChallenges/
124.0,KetamineMentalSupport,/r/KetamineMentalSupport/
106.0,PatientZero,/r/PatientZero/
73.0,Spindoctors,/r/Spindoctors/
241.0,BCITNursing20,/r/BCITNursing20/
209.0,dollsplasticsurgery,/r/dollsplasticsurgery/
79.0,genericadhdmeds,/r/genericadhdmeds/
212.0,NursingStudy,/r/NursingStudy/
52.0,ADHDExercise,/r/ADHDExercise/
100.0,AnxietyAvenue,/r/AnxietyAvenue/
150.0,bangkokthaisurgery,/r/bangkokthaisurgery/
155.0,BaskHealth,/r/BaskHealth/
239.0,CatholicsADHD,/r/CatholicsADHD/
23.0,ClimateAnxiety,/r/ClimateAnxiety/
101.0,DiagnosisSupport,/r/DiagnosisSupport/
117.0,DoctorVoodoo,/r/DoctorVoodoo/
156.0,ecotherapy,/r/ecotherapy/
8.0,FungalInfectionSpore,/r/FungalInfectionSpore/
163.0,Nursepam3snarkk,/r/Nursepam3snarkk/
207.0,PakPsychology,/r/PakPsychology/
18.0,PressureMentalAsylum,/r/PressureMentalAsylum/
31.0,psychologyy,/r/psychologyy/
177.0,specialtypharmacy,/r/specialtypharmacy/
155.0,bowentherapy,/r/bowentherapy/
180.0,carTcellTherapy,/r/carTcellTherapy/
246.0,CovidJokes,/r/CovidJokes/
19.0,curecancer,/r/curecancer/
50.0,DepressionOver30,/r/DepressionOver30/
233.0,goodhealthguides,/r/goodhealthguides/
55.0,mRNAmedicine,/r/mRNAmedicine/
127.0,OhGoshMyOCD,/r/OhGoshMyOCD/
245.0,PublicHealthAware,/r/PublicHealthAware/
150.0,SRMBiotech,/r/SRMBiotech/
101.0,virusesiwant,/r/virusesiwant/
182.0,ZerocovidNL,/r/ZerocovidNL/
187.0,ZombieCureLab,/r/ZombieCureLab/
210.0,ADHDbuddies,/r/ADHDbuddies/
211.0,adhdcombined,/r/adhdcombined/
212.0,ADHDitalia,/r/ADHDitalia/
243.0,CornellUMentalHealth,/r/CornellUMentalHealth/
244.0,CoronaCure,/r/CoronaCure/
5.0,CovidBabies,/r/CovidBabies/
133.0,EscapePsychiatry,/r/EscapePsychiatry/
25.0,HealthyDehydratedFood,/r/HealthyDehydratedFood/
106.0,isthiscancer,/r/isthiscancer/
43.0,MentalHealthTeenagers,/r/MentalHealthTeenagers/
79.0,monogenicdiabetes,/r/monogenicdiabetes/
18.0,ProstateCancerDesign,/r/ProstateCancerDesign/
183.0,BrainFogCures,/r/BrainFogCures/
7.0,chronicillnessparents,/r/chronicillnessparents/
55.0,CovidCritical,/r/CovidCritical/
190.0,ElitePharmaeuticals,/r/ElitePharmaeuticals/
103.0,Healthcareforpets,/r/Healthcareforpets/
104.0,mentalHealthStack,/r/mentalHealthStack/
20.0,PatientUser,/r/PatientUser/
32.0,PGHHospitalWorkers,/r/PGHHospitalWorkers/
71.0,Postcancer,/r/Postcancer/
81.0,PrivateHealthInsuranc,/r/PrivateHealthInsuranc/
163.0,Tripletherapy_Covid19,/r/Tripletherapy_Covid19/
98.0,ConsultaDoctor,/r/ConsultaDoctor/
103.0,CoronavirusProTips,/r/CoronavirusProTips/
186.0,DoctorsLK,/r/DoctorsLK/
164.0,healthdepartment,/r/healthdepartment/
165.0,heart_attackers,/r/heart_attackers/
143.0,PlasticSurgeryDC,/r/PlasticSurgeryDC/
63.0,uTulsaNursing,/r/uTulsaNursing/
198.0,ADHDtts,/r/ADHDtts/
109.0,emailanxiety,/r/emailanxiety/
234.0,GabaTelepsychiatry,/r/GabaTelepsychiatry/
93.0,IBStressed,/r/IBStressed/
162.0,UCSFpatients,/r/UCSFpatients/
233.0,wellnesspractitioners,/r/wellnesspractitioners/
173.0,AskCanadianNurses,/r/AskCanadianNurses/
199.0,aygallergy,/r/aygallergy/
144.0,COVIDTravelers,/r/COVIDTravelers/
16.0,ETS_surgery,/r/ETS_surgery/
162.0,glp1medicationPH,/r/glp1medicationPH/
48.0,joinelevatehealth,/r/joinelevatehealth/
174.0,MadHattersmedicine,/r/MadHattersmedicine/
243.0,midnightmentalhealth,/r/midnightmentalhealth/
88.0,Nurse_Jade_BSN,/r/Nurse_Jade_BSN/
161.0,PhilippineNurses,/r/PhilippineNurses/
241.0,RareDiseaseDiagnostic,/r/RareDiseaseDiagnostic/
53.0,ALBO_AlbireoPharma,/r/ALBO_AlbireoPharma/
60.0,Allergy_Immunology,/r/Allergy_Immunology/
43.0,clinicalnutrition,/r/clinicalnutrition/
74.0,COVIDFACTS,/r/COVIDFACTS/
132.0,healthypetite,/r/healthypetite/
133.0,Heartworms,/r/Heartworms/
72.0,LongCovidComedyClub,/r/LongCovidComedyClub/
182.0,MoralMedicine,/r/MoralMedicine/
216.0,NDTP_Nano_DT_Pharma,/r/NDTP_Nano_DT_Pharma/
5.0,nursestoriches,/r/nursestoriches/
122.0,psychologydictionary,/r/psychologydictionary/
187.0,tncovid19,/r/tncovid19/
150.0,ACureForDepression,/r/ACureForDepression/
156.0,ClinicalCodingAus,/r/ClinicalCodingAus/
183.0,Coronavirus_KYnorules,/r/Coronavirus_KYnorules/
184.0,CoronavirusStraya,/r/CoronavirusStraya/
192.0,Covid19PandemicPTSD,/r/Covid19PandemicPTSD/
79.0,ETONPHARMA,/r/ETONPHARMA/
9.0,healthyAGP,/r/healthyAGP/
181.0,LangyaVirus2022,/r/LangyaVirus2022/
17.0,MedicineApplications,/r/MedicineApplications/
154.0,nurseacademicsaus,/r/nurseacademicsaus/
109.0,TheChillyCovidCottage,/r/TheChillyCovidCottage/
43.0,WellnessFlow,/r/WellnessFlow/
132.0,adhdNL,/r/adhdNL/
105.0,CEDClinic,/r/CEDClinic/
106.0,CentralDoctorsUK,/r/CentralDoctorsUK/
149.0,CloudHealth,/r/CloudHealth/
247.0,DoctorArney,/r/DoctorArney/
135.0,foodhealmentalhealth,/r/foodhealmentalhealth/
211.0,ghostsinhealthcare,/r/ghostsinhealthcare/
28.0,HealthCareDotGov,/r/HealthCareDotGov/
138.0,Keto4Asthma,/r/Keto4Asthma/
194.0,olympiapharmacy,/r/olympiapharmacy/
213.0,OralHealthGang,/r/OralHealthGang/
48.0,PrecisionHealth,/r/PrecisionHealth/
68.0,Teethgumhealth,/r/Teethgumhealth/
103.0,adhd_vibing,/r/adhd_vibing/
104.0,ADHDAlgeria,/r/ADHDAlgeria/
105.0,adhdmoney,/r/adhdmoney/
117.0,AI_Schizophrenia,/r/AI_Schizophrenia/
218.0,AudioDiagnosis,/r/AudioDiagnosis/
100.0,BuddhistOCD,/r/BuddhistOCD/
72.0,EchilibruMentalRO,/r/EchilibruMentalRO/
240.0,genocide_by_vaccine,/r/genocide_by_vaccine/
53.0,Hearth,/r/Hearth/
88.0,MedievalDoctors,/r/MedievalDoctors/
157.0,MPXVirus,/r/MPXVirus/
53.0,SoOCD,/r/SoOCD/
199.0,ADHDHolistic,/r/ADHDHolistic/
91.0,DoctorInfernoFirebird,/r/DoctorInfernoFirebird/
78.0,PharmacistUnion,/r/PharmacistUnion/
79.0,pharmacy_Shipping,/r/pharmacy_Shipping/
210.0,ridetoconquercancer,/r/ridetoconquercancer/
196.0,caninediabetessupport,/r/caninediabetessupport/
123.0,depressionanimemes,/r/depressionanimemes/
164.0,dreampsychology,/r/dreampsychology/
47.0,foundationdoctorsNHS,/r/foundationdoctorsNHS/
157.0,HeadwayHealth,/r/HeadwayHealth/
159.0,healthdeals,/r/healthdeals/
68.0,newgradnurselounge,/r/newgradnurselounge/
104.0,nursesidehustles,/r/nursesidehustles/
205.0,planetaryhealthethics,/r/planetaryhealthethics/
119.0,TheRealCovid19,/r/TheRealCovid19/
220.0,UnionNurses,/r/UnionNurses/
133.0,ADHDemons,/r/ADHDemons/
188.0,clinicaldocintegrity,/r/clinicaldocintegrity/
216.0,CoronavirusAR,/r/CoronavirusAR/
45.0,diabetesmentalhealth,/r/diabetesmentalhealth/
112.0,Healtherely,/r/Healtherely/
135.0,Holisticmedicine,/r/Holisticmedicine/
187.0,MentalHealthKenya,/r/MentalHealthKenya/
209.0,MindVirus,/r/MindVirus/
10.0,musicxdepression,/r/musicxdepression/
143.0,ParentingADHDIndia,/r/ParentingADHDIndia/
208.0,USHospitalBills,/r/USHospitalBills/
5.0,WeightLossPharma,/r/WeightLossPharma/
189.0,AnxietyHealing,/r/AnxietyHealing/
203.0,CoronavirusEducation,/r/CoronavirusEducation/
21.0,DarkPsychologyHacks,/r/DarkPsychologyHacks/
71.0,doctorp,/r/doctorp/
72.0,DoctorsUncensoredUK,/r/DoctorsUncensoredUK/
48.0,GMOcancer,/r/GMOcancer/
114.0,HealthModeApp,/r/HealthModeApp/
115.0,healthygaming,/r/healthygaming/
194.0,ImNoDoctorBut,/r/ImNoDoctorBut/
41.0,Keto4COVID19,/r/Keto4COVID19/
133.0,LTPallergy,/r/LTPallergy/
27.0,NDGradHealthInsWaiver,/r/NDGradHealthInsWaiver/
38.0,neverhadcancer,/r/neverhadcancer/
45.0,NewMentality,/r/NewMentality/
221.0,PT_patients,/r/PT_patients/
10.0,WeWantDiabetes,/r/WeWantDiabetes/
123.0,A1HealthReviews,/r/A1HealthReviews/
57.0,BiotechYOLO,/r/BiotechYOLO/
133.0,cancerbegone,/r/cancerbegone/
231.0,CoronavirusBathroom,/r/CoronavirusBathroom/
235.0,covid19maryland,/r/covid19maryland/
90.0,doctor_bondhas,/r/doctor_bondhas/
41.0,Myotherapy,/r/Myotherapy/
101.0,nursingstudentshaven,/r/nursingstudentshaven/
155.0,PakMentalWellness,/r/PakMentalWellness/
249.0,PrisonNurses,/r/PrisonNurses/
48.0,realmedicine,/r/realmedicine/
67.0,ReintegrativeTherapy,/r/ReintegrativeTherapy/
33.0,SurgeryIndia,/r/SurgeryIndia/
60.0,tbilisimedicine,/r/tbilisimedicine/
119.0,TheFloydSchizophrenia,/r/TheFloydSchizophrenia/
133.0,30plusdepression,/r/30plusdepression/
247.0,ConquerMyADHD,/r/ConquerMyADHD/
45.0,curesd,/r/curesd/
80.0,DebaseVaccines,/r/DebaseVaccines/
91.0,Depression_Music,/r/Depression_Music/
116.0,DoctorBloo,/r/DoctorBloo/
117.0,Doctorjokes,/r/Doctorjokes/
168.0,Eletrocardiograma,/r/Eletrocardiograma/
133.0,Gulfwarillness,/r/Gulfwarillness/
156.0,HealthandMedical,/r/HealthandMedical/
20.0,moneypsychology,/r/moneypsychology/
50.0,MusicEd_Covid,/r/MusicEd_Covid/
145.0,SADISBariatricSurgery,/r/SADISBariatricSurgery/
80.0,supersethealth,/r/supersethealth/
210.0,AartsWellness,/r/AartsWellness/
155.0,CoronavirusCMH,/r/CoronavirusCMH/
156.0,CoronavirusFacepalm,/r/CoronavirusFacepalm/
132.0,FingernailHealth,/r/FingernailHealth/
224.0,Perthbeautyandsurgery,/r/Perthbeautyandsurgery/
186.0,TwoSentenceHospital,/r/TwoSentenceHospital/
213.0,ADHD_ADD_Support_ASU,/r/ADHD_ADD_Support_ASU/
214.0,ADHDhobbytrades,/r/ADHDhobbytrades/
215.0,ADHDTrans,/r/ADHDTrans/
59.0,antimedicine,/r/antimedicine/
65.0,AnxietyInsideOut,/r/AnxietyInsideOut/
192.0,BiCurean,/r/BiCurean/
203.0,BlackPsychology,/r/BlackPsychology/
27.0,IconicIllness,/r/IconicIllness/
151.0,julihealth,/r/julihealth/
151.0,mentallystillateen,/r/mentallystillateen/
86.0,NYPHARMACY,/r/NYPHARMACY/
92.0,OCDPositiveSupport,/r/OCDPositiveSupport/
138.0,onlypharmacistspt,/r/onlypharmacistspt/
149.0,optimalhealth,/r/optimalhealth/
238.0,TaprootTherapy,/r/TaprootTherapy/
81.0,TherapySpeak,/r/TherapySpeak/
4.0,UTSNursing,/r/UTSNursing/
161.0,CoCD,/r/CoCD/
103.0,doctorbattle,/r/doctorbattle/
11.0,HealthShares,/r/HealthShares/
12.0,HealthWriteForUs,/r/HealthWriteForUs/
13.0,healthyegyfoods,/r/healthyegyfoods/
21.0,HelpingHandzInCovid19,/r/HelpingHandzInCovid19/
220.0,justrightOCD,/r/justrightOCD/
136.0,LRCCnursing,/r/LRCCnursing/
161.0,NRIWellness,/r/NRIWellness/
78.0,SchoolAnxiety,/r/SchoolAnxiety/
162.0,TheIsekaiDoctor,/r/TheIsekaiDoctor/
189.0,therapyfriendspgh,/r/therapyfriendspgh/
7.0,whythispharmacy,/r/whythispharmacy/
20.0,WomensHealthFitness,/r/WomensHealthFitness/
55.0,YesPillNoCure,/r/YesPillNoCure/
148.0,ai_for_hospitals,/r/ai_for_hospitals/
176.0,AllAboutHealth,/r/AllAboutHealth/
99.0,Collectorsanxiety,/r/Collectorsanxiety/
108.0,ConcretePsychology,/r/ConcretePsychology/
124.0,CoronavirusCasualty,/r/CoronavirusCasualty/
132.0,covidcock,/r/covidcock/
183.0,DadHealthHub,/r/DadHealthHub/
243.0,DIABETESINSANE,/r/DIABETESINSANE/
73.0,Egyptnurses,/r/Egyptnurses/
139.0,eyeremovalsurgery,/r/eyeremovalsurgery/
87.0,goonpsychology,/r/goonpsychology/
175.0,HMA_HealthMatching,/r/HMA_HealthMatching/
127.0,kalmhealthorg,/r/kalmhealthorg/
22.0,LumiaHealth,/r/LumiaHealth/
106.0,mentalray,/r/mentalray/
17.0,NationalNursesMarch,/r/NationalNursesMarch/
22.0,nbneurologicaldisease,/r/nbneurologicaldisease/
215.0,Patient_dig_7998,/r/Patient_dig_7998/
229.0,perdiemnursing,/r/perdiemnursing/
230.0,perfect_health_diet,/r/perfect_health_diet/
78.0,seismocardiography,/r/seismocardiography/
94.0,SGmentalhealthsupport,/r/SGmentalhealthsupport/
119.0,Sibo_from_COVID,/r/Sibo_from_COVID/
166.0,smashlongcovid,/r/smashlongcovid/
4.0,tornadoemergency,/r/tornadoemergency/
83.0,unfairhealthcare,/r/unfairhealthcare/
94.0,UnlockedDoctors,/r/UnlockedDoctors/
194.0,wealthyhealthyhot,/r/wealthyhealthyhot/
115.0,adhdtornado,/r/adhdtornado/
88.0,clinicasrecuperacao,/r/clinicasrecuperacao/
139.0,CoronaVirusChallenge,/r/CoronaVirusChallenge/
52.0,doctortellmewhy,/r/doctortellmewhy/
221.0,HappyHealthyLives,/r/HappyHealthyLives/
239.0,HealthRus,/r/HealthRus/
240.0,HealthyIndia,/r/HealthyIndia/
126.0,IMGsInDistress,/r/IMGsInDistress/
105.0,LifeWithoutAnxiety,/r/LifeWithoutAnxiety/
151.0,Lovingthehealthylife,/r/Lovingthehealthylife/
0.0,Mentalillnessmeme,/r/Mentalillnessmeme/
1.0,mentaller,/r/mentaller/
41.0,OrthopedicDoctorsPune,/r/OrthopedicDoctorsPune/
73.0,spainmedicalinsurance,/r/spainmedicalinsurance/
172.0,SurgeryAway,/r/SurgeryAway/
173.0,SurgeryMoments,/r/SurgeryMoments/
216.0,vaccinewatch,/r/vaccinewatch/
42.0,wellnessatworkai,/r/wellnessatworkai/
192.0,BarrieHealth,/r/BarrieHealth/
119.0,Cancers,/r/Cancers/
134.0,Cardio_VO2_max_RUN,/r/Cardio_VO2_max_RUN/
32.0,CoronavirusCelebs,/r/CoronavirusCelebs/
132.0,DeerVirus,/r/DeerVirus/
156.0,diabetessugarcontrol,/r/diabetessugarcontrol/
185.0,doctorsofkerala,/r/doctorsofkerala/
248.0,EdDoctorate,/r/EdDoctorate/
157.0,ForProfitHealthcare,/r/ForProfitHealthcare/
173.0,founddoctorminotaur,/r/founddoctorminotaur/
150.0,HealthieOne,/r/HealthieOne/
208.0,Hospitals_India,/r/Hospitals_India/
96.0,machealthscirejects,/r/machealthscirejects/
64.0,pharmakeia,/r/pharmakeia/
195.0,QuantumBioPharmaNews,/r/QuantumBioPharmaNews/
136.0,WriterDisease,/r/WriterDisease/
46.0,adhd_advice,/r/adhd_advice/
147.0,AnxietysBIGBIGyawn,/r/AnxietysBIGBIGyawn/
234.0,BadDoctor,/r/BadDoctor/
217.0,capsulehealth,/r/capsulehealth/
102.0,CoronavirusInt,/r/CoronavirusInt/
109.0,Covid19Obits,/r/Covid19Obits/
208.0,delivraHealth,/r/delivraHealth/
16.0,dogpsychology,/r/dogpsychology/
94.0,gardasilinjury,/r/gardasilinjury/
187.0,GuidetoGoodHealth,/r/GuidetoGoodHealth/
143.0,ITUPsychologyClub,/r/ITUPsychologyClub/
110.0,liverhealth1,/r/liverhealth1/
124.0,LongCovidAotearoa,/r/LongCovidAotearoa/
202.0,NursesWorld,/r/NursesWorld/
140.0,rocketsurgery,/r/rocketsurgery/
151.0,ThirtyVirus,/r/ThirtyVirus/
15.0,UltraHealth,/r/UltraHealth/
61.0,UTI_Health,/r/UTI_Health/
26.0,YorkUNursing,/r/YorkUNursing/
89.0,CAnursing,/r/CAnursing/
97.0,cardiopulmonaryrehab,/r/cardiopulmonaryrehab/
247.0,Conversion_Therapy,/r/Conversion_Therapy/
7.0,CoronavirusCrisis,/r/CoronavirusCrisis/
57.0,curesdcomments,/r/curesdcomments/
175.0,HealthcareNightmare,/r/HealthcareNightmare/
79.0,insurancehorrors,/r/insurancehorrors/
218.0,MentalHealthSweden,/r/MentalHealthSweden/
182.0,NYCplasticsurgery,/r/NYCplasticsurgery/
172.0,schizophreniaouija,/r/schizophreniaouija/
187.0,SurgeryIMGs,/r/SurgeryIMGs/
200.0,swiss_insurance,/r/swiss_insurance/
188.0,Township_OCD_CoOp,/r/Township_OCD_CoOp/
5.0,Youshouldseeadoctor,/r/Youshouldseeadoctor/
223.0,ArmedDiseaseControl,/r/ArmedDiseaseControl/
37.0,celebswithcovid19,/r/celebswithcovid19/
155.0,CoronavirusHeeneyCO,/r/CoronavirusHeeneyCO/
167.0,CovidMemorialRecipes,/r/CovidMemorialRecipes/
120.0,healthyfoodgroup,/r/healthyfoodgroup/
21.0,Injoyguthealth,/r/Injoyguthealth/
183.0,KnoxvilleCovid19news,/r/KnoxvilleCovid19news/
48.0,myADHDeverything,/r/myADHDeverything/
122.0,pinkgrincknecksurgery,/r/pinkgrincknecksurgery/
232.0,psychosisocd,/r/psychosisocd/
33.0,RaqoverytoWellness,/r/RaqoverytoWellness/
222.0,schizophreniasd,/r/schizophreniasd/
239.0,surgeryschedulers,/r/surgeryschedulers/
4.0,T1DiabetesHealingPath,/r/T1DiabetesHealingPath/
53.0,teenswchronicillness,/r/teenswchronicillness/
124.0,thehealthypartner,/r/thehealthypartner/
167.0,TheyNeedTherapy,/r/TheyNeedTherapy/
182.0,ticktokcancer,/r/ticktokcancer/
135.0,VirusWatch,/r/VirusWatch/
156.0,ADHD_Memes,/r/ADHD_Memes/
166.0,AestheticMedicine,/r/AestheticMedicine/
220.0,BipolarAnything,/r/BipolarAnything/
2.0,BlueTherapy,/r/BlueTherapy/
225.0,haveyouseenthedoctor,/r/haveyouseenthedoctor/
237.0,HealthCSVImporter,/r/HealthCSVImporter/
100.0,iHeart,/r/iHeart/
75.0,mcardledisease,/r/mcardledisease/
106.0,MentalHealthU25,/r/MentalHealthU25/
107.0,mentalWalksBudapest,/r/mentalWalksBudapest/
33.0,NewCancerTreatment,/r/NewCancerTreatment/
60.0,nirvanaschizophrenia,/r/nirvanaschizophrenia/
89.0,Norovirus,/r/Norovirus/
99.0,NotificationVirusHelp,/r/NotificationVirusHelp/
123.0,NurseCorpLRP,/r/NurseCorpLRP/
124.0,nursepambashing,/r/nursepambashing/
12.0,rawdogADHD,/r/rawdogADHD/
162.0,StressedFurrys,/r/StressedFurrys/
45.0,tevapharma,/r/tevapharma/
149.0,therapytarot,/r/therapytarot/
210.0,tirednurses,/r/tirednurses/
129.0,Valorpsychology,/r/Valorpsychology/
208.0,ADHDpower,/r/ADHDpower/
185.0,CovidOverkill,/r/CovidOverkill/
228.0,CureAnxiety,/r/CureAnxiety/
67.0,fishdoctor,/r/fishdoctor/
137.0,HealthInsuranceAMA,/r/HealthInsuranceAMA/
138.0,healthofawoman254,/r/healthofawoman254/
139.0,HealthyIndoorAir,/r/HealthyIndoorAir/
186.0,holistichealthd,/r/holistichealthd/
57.0,leglengtheningsurgery,/r/leglengtheningsurgery/
116.0,LongHaulersWellness,/r/LongHaulersWellness/
64.0,Mindless_Patient,/r/Mindless_Patient/
179.0,nanobiotechnology,/r/nanobiotechnology/
59.0,NurseConciergeStartup,/r/NurseConciergeStartup/
101.0,precovidvibes,/r/precovidvibes/
134.0,psychologyworld,/r/psychologyworld/
149.0,PvM_Virus,/r/PvM_Virus/
68.0,TheraBioPharma_Stocks,/r/TheraBioPharma_Stocks/
71.0,TherapyPanda,/r/TherapyPanda/
144.0,tiredofbeinganurse,/r/tiredofbeinganurse/
9.0,You4YouHealth,/r/You4YouHealth/
134.0,adhdandocd_chennai,/r/adhdandocd_chennai/
178.0,BestMedicineTVShow,/r/BestMedicineTVShow/
56.0,covidz,/r/covidz/
199.0,DepressionPlaylist,/r/DepressionPlaylist/
13.0,doihaveCOVID,/r/doihaveCOVID/
79.0,foundAnxiety_blob69,/r/foundAnxiety_blob69/
119.0,HealthFitnessApps,/r/HealthFitnessApps/
226.0,ib18cancerfans,/r/ib18cancerfans/
182.0,Keto4Hospitals,/r/Keto4Hospitals/
7.0,mentalchillness,/r/mentalchillness/
233.0,NFLFanTherapy,/r/NFLFanTherapy/
18.0,nontoxichealth,/r/nontoxichealth/
99.0,OMEDHealth,/r/OMEDHealth/
129.0,OrientalMedicine,/r/OrientalMedicine/
196.0,PeripheralOCD,/r/PeripheralOCD/
29.0,pompediseaseparents,/r/pompediseaseparents/
128.0,Stressay,/r/Stressay/
190.0,swedishhealthcare,/r/swedishhealthcare/
91.0,Urhealthiswealth,/r/Urhealthiswealth/
102.0,Vaccineskillchildern,/r/Vaccineskillchildern/
219.0,AIntivirus,/r/AIntivirus/
235.0,AlaskaHealthcare,/r/AlaskaHealthcare/
25.0,blamebipolarbear0,/r/blamebipolarbear0/
150.0,CancerSurvivorsIndia,/r/CancerSurvivorsIndia/
75.0,corahealth,/r/corahealth/
121.0,healthcarecareers,/r/healthcarecareers/
122.0,healthedu,/r/healthedu/
123.0,healthygamers,/r/healthygamers/
124.0,HealthyJoints,/r/HealthyJoints/
91.0,IslamicOCD,/r/IslamicOCD/
249.0,kingsmentalhealth,/r/kingsmentalhealth/
3.0,Navymedicine,/r/Navymedicine/
65.0,TampaHolisticHealth,/r/TampaHolisticHealth/
229.0,theta_wellness,/r/theta_wellness/
80.0,ADHDough,/r/ADHDough/
177.0,bipolar_India,/r/bipolar_India/
178.0,BipolarSverige,/r/BipolarSverige/
84.0,Cancerpatientlab,/r/Cancerpatientlab/
24.0,CovidHermits,/r/CovidHermits/
25.0,COVIDPulses,/r/COVIDPulses/
188.0,FightingMyAnxiety,/r/FightingMyAnxiety/
170.0,megadethmentalhsptl,/r/megadethmentalhsptl/